Months,Years,Area,Flood,,,,,,,,,,,,,
Janruary,2000,Sindh,,,,,,,,,,,,,,
February,2000,Sindh,,,,,,,,,,,,,,
March,2000,Sindh,,,,,,,,,,,,,,
April,2000,Sindh,,,,,,,,,,,,,, 
May,2000,Sindh,,,,,,,,,,,,,,
June,2000,Sindh,,,,,,,,,,,,,,
July,2000,Sindh,,,,,,,,,,,,,,
August,2000,Sindh,,,,,,,,,,,,,,
September,2000,Sindh,,,,,,,,,,,,,,
October,2000,Sindh,,,,,,,,,,,,,,
November,2000,Sindh,,,,,,,,,,,,,,
December,2000,Sindh,,,,,,,,,,,,,,
Janruary,2001,Sindh,,,,,,,,,,,,,,
February,2001,Sindh,,,,,,,,,,,,,,
March,2001,Sindh,,,,,,,,,,,,,,
April,2001,Sindh,,,,,,,,,,,,,,
May,2001,Sindh,,,,,,,,,,,,,,
June,2001,Sindh,,,,,,,,,,,,,,
July,2001,Sindh,,,,,,,,,,,,,,
August,2001,Sindh,,,,,,,,,,,,,,
September,2001,Sindh,,,,,,,,,,,,,,
October,2001,Sindh,,,,,,,,,,,,,,
November,2001,Sindh,,,,,,,,,,,,,,
December,2001,Sindh,,,,,,,,,,,,,,
Janruary,2002,Sindh,,,,,,,,,,,,,,
February,2002,Sindh,,,,,,,,,,,,,,
March,2002,Sindh,,,,,,,,,,,,,,
April,2002,Sindh,,,,,,,,,,,,,,
May,2002,Sindh,,,,,,,,,,,,,,
June,2002,Sindh,,,,,,,,,,,,,,
July,2002,Sindh,,,,,,,,,,,,,,
August,2002,Sindh,,,,,,,,,,,,,,
September,2002,Sindh,,,,,,,,,,,,,,
October,2002,Sindh,,,,,,,,,,,,,,
November,2002,Sindh,,,,,,,,,,,,,,
December,2002,Sindh,,,,,,,,,,,,,,
Janruary,2003,Sindh,,,,,,,,,,,,,,
February,2003,Sindh,,,,,,,,,,,,,,
March,2003,Sindh,,,,,,,,,,,,,,
April,2003,Sindh,,,,,,,,,,,,,,
May,2003,Sindh,,,,,,,,,,,,,,
June,2003,Sindh,,,,,,,,,,,,,,
July,2003,Sindh,,,,,,,,,,,,,,
August,2003,Sindh,Yes,,,,,,,,,,,,,
September,2003,Sindh,,,,,,,,,,,,,,
October,2003,Sindh,,,,,,,,,,,,,,
November,2003,Sindh,,,,,,,,,,,,,,
December,2003,Sindh,,,,,,,,,,,,,,
Janruary,2004,Sindh,,,,,,,,,,,,,,
February,2004,Sindh,,,,,,,,,,,,,,
March,2004,Sindh,,,,,,,,,,,,,,
April,2004,Sindh,,,,,,,,,,,,,,
May,2004,Sindh,,,,,,,,,,,,,,
June,2004,Sindh,,,,,,,,,,,,,,
July,2004,Sindh,,,,,,,,,,,,,,
August,2004,Sindh,,,,,,,,,,,,,,
September,2004,Sindh,,,,,,,,,,,,,,
October,2004,Sindh,,,,,,,,,,,,,,
November,2004,Sindh,,,,,,,,,,,,,,
December,2004,Sindh,,,,,,,,,,,,,,
Janruary,2005,Sindh,,,,,,,,,,,,,,
February,2005,Sindh,,,,,,,,,,,,,,
March,2005,Sindh,,,,,,,,,,,,,,
April,2005,Sindh,,,,,,,,,,,,,,
May,2005,Sindh,,,,,,,,,,,,,,
June,2005,Sindh,,,,,,,,,,,,,,
July,2005,Sindh,,,,,,,,,,,,,,
August,2005,Sindh,Yes,,,,,,,,,,,,,
September,2005,Sindh,,,,,,,,,,,,,,
October,2005,Sindh,,,,,,,,,,,,,,
November,2005,Sindh,,,,,,,,,,,,,,
December,2005,Sindh,,,,,,,,,,,,,,
Janruary,2006,Sindh,,,,,,,,,,,,,,
February,2006,Sindh,,,,,,,,,,,,,,
March,2006,Sindh,,,,,,,,,,,,,,
April,2006,Sindh,,,,,,,,,,,,,,
May,2006,Sindh,,,,,,,,,,,,,,
June,2006,Sindh,,,,,,,,,,,,,,
July,2006,Sindh,,,,,,,,,,,,,,
August,2006,Sindh,,,,,,,,,,,,,,
September,2006,Sindh,Yes,,,,,,,,,,,,,
October,2006,Sindh,,,,,,,,,,,,,,
November,2006,Sindh,,,,,,,,,,,,,,
December,2006,Sindh,,,,,,,,,,,,,,
Janruary,2007,Sindh,,,,,,,,,,,,,,
February,2007,Sindh,,,,,,,,,,,,,,
March,2007,Sindh,,,,,,,,,,,,,,
April,2007,Sindh,,,,,,,,,,,,,,
May,2007,Sindh,,,,,,,,,,,,,,
June,2007,Sindh,,,,,,,,,,,,,,
July,2007,Sindh,Yes,,,,,,,,,,,,,
August,2007,Sindh,,,,,,,,,,,,,,
September,2007,Sindh,,,,,,,,,,,,,,
October,2007,Sindh,,,,,,,,,,,,,,
November,2007,Sindh,,,,,,,,,,,,,,
December,2007,Sindh,,,,,,,,,,,,,,
Janruary,2008,Sindh,,,,,,,,,,,,,,
February,2008,Sindh,,,,,,,,,,,,,,
March,2008,Sindh,,,,,,,,,,,,,,
April,2008,Sindh,,,,,,,,,,,,,,
May,2008,Sindh,,,,,,,,,,,,,,
June,2008,Sindh,,,,,,,,,,,,,,
July,2008,Sindh,,,,,,,,,,,,,,
August,2008,Sindh,,,,,,,,,,,,,,
September,2008,Sindh,,,,,,,,,,,,,,
October,2008,Sindh,,,,,,,,,,,,,,
November,2008,Sindh,,,,,,,,,,,,,,
December,2008,Sindh,,,,,,,,,,,,,,
Janruary,2009,Sindh,,,,,,,,,,,,,,
February,2009,Sindh,,,,,,,,,,,,,,
March,2009,Sindh,,,,,,,,,,,,,,
April,2009,Sindh,,,,,,,,,,,,,,
May,2009,Sindh,,,,,,,,,,,,,,
June,2009,Sindh,,,,,,,,,,,,,,
July,2009,Sindh,Yes,,,,,,,,,,,,,
August,2009,Sindh,Yes,,,,,,,,,,,,,
September,2009,Sindh,,,,,,,,,,,,,,
October,2009,Sindh,,,,,,,,,,,,,,
November,2009,Sindh,,,,,,,,,,,,,,
December,2009,Sindh,,,,,,,,,,,,,,
Janruary,2010,Sindh,,,,,,,,,,,,,,
February,2010,Sindh,,,,,,,,,,,,,,
March,2010,Sindh,,,,,,,,,,,,,,
April,2010,Sindh,,,,,,,,,,,,,,
May,2010,Sindh,,,,,,,,,,,,,,
June,2010,Sindh,,,,,,,,,,,,,,
July,2010,Sindh,Yes,,,,,,,,,,,,,
August,2010,Sindh,,,,,,,,,,,,,,
September,2010,Sindh,,,,,,,,,,,,,,
October,2010,Sindh,,,,,,,,,,,,,,
November,2010,Sindh,,,,,,,,,,,,,,
December,2010,Sindh,,,,,,,,,,,,,,
Janruary,2011,Sindh,,,,,,,,,,,,,,
February,2011,Sindh,,,,,,,,,,,,,,
March,2011,Sindh,,,,,,,,,,,,,,
April,2011,Sindh,,,,,,,,,,,,,,
May,2011,Sindh,,,,,,,,,,,,,,
June,2011,Sindh,,,,,,,,,,,,,,
July,2011,Sindh,,,,,,,,,,,,,,
August,2011,Sindh,Yes,,,,,,,,,,,,,
September,2011,Sindh,,,,,,,,,,,,,,
October,2011,Sindh,,,,,,,,,,,,,,
November,2011,Sindh,,,,,,,,,,,,,,
December,2011,Sindh,,,,,,,,,,,,,,
Janruary,2012,Sindh,,,,,,,,,,,,,,
February,2012,Sindh,,,,,,,,,,,,,,
March,2012,Sindh,,,,,,,,,,,,,,
April,2012,Sindh,,,,,,,,,,,,,,
May,2012,Sindh,,,,,,,,,,,,,,
June,2012,Sindh,,,,,,,,,,,,,,
July,2012,Sindh,,,,,,,,,,,,,,
August,2012,Sindh,,,,,,,,,,,,,,
September,2012,Sindh,Yes,,,,,,,,,,,,,
October,2012,Sindh,,,,,,,,,,,,,,
November,2012,Sindh,,,,,,,,,,,,,,
December,2012,Sindh,,,,,,,,,,,,,,
Janruary,2013,Sindh,,,,,,,,,,,,,,
February,2013,Sindh,,,,,,,,,,,,,,
March,2013,Sindh,,,,,,,,,,,,,,
April,2013,Sindh,,,,,,,,,,,,,,
May,2013,Sindh,,,,,,,,,,,,,,
June,2013,Sindh,,,,,,,,,,,,,,
July,2013,Sindh,Yes,,,,,,,,,,,,,
August,2013,Sindh,,,,,,,,,,,,,,
September,2013,Sindh,,,,,,,,,,,,,,
October,2013,Sindh,,,,,,,,,,,,,,
November,2013,Sindh,,,,,,,,,,,,,,
December,2013,Sindh,,,,,,,,,,,,,,
Janruary,2014,Sindh,,,,,,,,,,,,,,
February,2014,Sindh,,,,,,,,,,,,,,
March,2014,Sindh,,,,,,,,,,,,,,
April,2014,Sindh,,,,,,,,,,,,,,
May,2014,Sindh,,,,,,,,,,,,,,
June,2014,Sindh,,,,,,,,,,,,,,
July,2014,Sindh,,,,,,,,,,,,,,
August,2014,Sindh,,,,,,,,,,,,,,
September,2014,Sindh,,,,,,,,,,,,,,
October,2014,Sindh,,,,,,,,,,,,,,
November,2014,Sindh,,,,,,,,,,,,,,
December,2014,Sindh,,,,,,,,,,,,,,
Janruary,2015,Sindh,,,,,,,,,,,,,,
February,2015,Sindh,,,,,,,,,,,,,,
March,2015,Sindh,,,,,,,,,,,,,,
April,2015,Sindh,,,,,,,,,,,,,,
May,2015,Sindh,,,,,,,,,,,,,,
June,2015,Sindh,,,,,,,,,,,,,,
July,2015,Sindh,,,,,,,,,,,,,,
August,2015,Sindh,,,,,,,,,,,,,,
September,2015,Sindh,,,,,,,,,,,,,,
October,2015,Sindh,,,,,,,,,,,,,,
November,2015,Sindh,,,,,,,,,,,,,,
December,2015,Sindh,,,,,,,,,,,,,,
Janruary,2016,Sindh,,,,,,,,,,,,,,
February,2016,Sindh,,,,,,,,,,,,,,
March,2016,Sindh,,,,,,,,,,,,,,
April,2016,Sindh,,,,,,,,,,,,,,
May,2016,Sindh,,,,,,,,,,,,,,
June,2016,Sindh,,,,,,,,,,,,,,
July,2016,Sindh,,,,,,,,,,,,,,
August,2016,Sindh,,,,,,,,,,,,,,
September,2016,Sindh,,,,,,,,,,,,,,
October,2016,Sindh,,,,,,,,,,,,,,
November,2016,Sindh,,,,,,,,,,,,,,
December,2016,Sindh,,,,,,,,,,,,,,
Janruary,2017,Sindh,,,,,,,,,,,,,,
February,2017,Sindh,,,,,,,,,,,,,,
March,2017,Sindh,,,,,,,,,,,,,,
April,2017,Sindh,,,,,,,,,,,,,,
May,2017,Sindh,,,,,,,,,,,,,,
June,2017,Sindh,,,,,,,,,,,,,,
July,2017,Sindh,,,,,,,,,,,,,,
August,2017,Sindh,Yes,,,,,,,,,,,,,
September,2017,Sindh,,,,,,,,,,,,,,
October,2017,Sindh,,,,,,,,,,,,,,
November,2017,Sindh,,,,,,,,,,,,,,
December,2017,Sindh,,,,,,,,,,,,,,
Janruary,2018,Sindh,,,,,,,,,,,,,,
February,2018,Sindh,,,,,,,,,,,,,,
March,2018,Sindh,,,,,,,,,,,,,,
April,2018,Sindh,,,,,,,,,,,,,,
May,2018,Sindh,,,,,,,,,,,,,,
June,2018,Sindh,,,,,,,,,,,,,,
July,2018,Sindh,,,,,,,,,,,,,,
August,2018,Sindh,,,,,,,,,,,,,,
September,2018,Sindh,,,,,,,,,,,,,,
October,2018,Sindh,,,,,,,,,,,,,,
November,2018,Sindh,,,,,,,,,,,,,,
December,2018,Sindh,,,,,,,,,,,,,,
Janruary,2019,Sindh,,,,,,,,,,,,,,
February,2019,Sindh,,,,,,,,,,,,,,
March,2019,Sindh,,,,,,,,,,,,,,
April,2019,Sindh,,,,,,,,,,,,,,
May,2019,Sindh,,,,,,,,,,,,,,
June,2019,Sindh,,,,,,,,,,,,,,
July,2019,Sindh,,,,,,,,,,,,,,
August,2019,Sindh,,,,,,,,,,,,,,
September,2019,Sindh,,,,,,,,,,,,,,
October,2019,Sindh,,,,,,,,,,,,,,
November,2019,Sindh,,,,,,,,,,,,,,
December,2019,Sindh,,,,,,,,,,,,,,
Janruary,2020,Sindh,,,,,,,,,,,,,,
February,2020,Sindh,,,,,,,,,,,,,,
March,2020,Sindh,,,,,,,,,,,,,,
April,2020,Sindh,,,,,,,,,,,,,,
May,2020,Sindh,,,,,,,,,,,,,,
June,2020,Sindh,,,,,,,,,,,,,,
July,2020,Sindh,,,,,,,,,,,,,,
August,2020,Sindh,Yes,,,,,,,,,,,,,
September,2020,Sindh,,,,,,,,,,,,,,
October,2020,Sindh,,,,,,,,,,,,,,
November,2020,Sindh,,,,,,,,,,,,,,
December,2020,Sindh,,,,,,,,,,,,,,
Janruary,2021,Sindh,,,,,,,,,,,,,,
February,2021,Sindh,,,,,,,,,,,,,,
March,2021,Sindh,,,,,,,,,,,,,,
April,2021,Sindh,,,,,,,,,,,,,,
May,2021,Sindh,,,,,,,,,,,,,,
June,2021,Sindh,,,,,,,,,,,,,,
July,2021,Sindh,,,,,,,,,,,,,,
August,2021,Sindh,,,,,,,,,,,,,,
September,2021,Sindh,,,,,,,,,,,,,,
October,2021,Sindh,,,,,,,,,,,,,,
November,2021,Sindh,,,,,,,,,,,,,,
December,2021,Sindh,,,,,,,,,,,,,,