Months,Years,Area,Flood,,,,,,,,,,,,,
Janruary,2000,Gilgit,,,,,,,,,,,,,,
February,2000,Gilgit,,,,,,,,,,,,,,
March,2000,Gilgit,,,,,,,,,,,,,,
April,2000,Gilgit,,,,,,,,,,,,,, 
May,2000,Gilgit,,,,,,,,,,,,,,
June,2000,Gilgit,,,,,,,,,,,,,,
July,2000,Gilgit,,,,,,,,,,,,,,
August,2000,Gilgit,,,,,,,,,,,,,,
September,2000,Gilgit,,,,,,,,,,,,,,
October,2000,Gilgit,,,,,,,,,,,,,,
November,2000,Gilgit,,,,,,,,,,,,,,
December,2000,Gilgit,,,,,,,,,,,,,,
Janruary,2001,Gilgit,,,,,,,,,,,,,,
February,2001,Gilgit,,,,,,,,,,,,,,
March,2001,Gilgit,,,,,,,,,,,,,,
April,2001,Gilgit,,,,,,,,,,,,,,
May,2001,Gilgit,,,,,,,,,,,,,,
June,2001,Gilgit,,,,,,,,,,,,,,
July,2001,Gilgit,,,,,,,,,,,,,,
August,2001,Gilgit,,,,,,,,,,,,,,
September,2001,Gilgit,,,,,,,,,,,,,,
October,2001,Gilgit,,,,,,,,,,,,,,
November,2001,Gilgit,,,,,,,,,,,,,,
December,2001,Gilgit,,,,,,,,,,,,,,
Janruary,2002,Gilgit,,,,,,,,,,,,,,
February,2002,Gilgit,,,,,,,,,,,,,,
March,2002,Gilgit,,,,,,,,,,,,,,
April,2002,Gilgit,,,,,,,,,,,,,,
May,2002,Gilgit,,,,,,,,,,,,,,
June,2002,Gilgit,,,,,,,,,,,,,,
July,2002,Gilgit,,,,,,,,,,,,,,
August,2002,Gilgit,,,,,,,,,,,,,,
September,2002,Gilgit,,,,,,,,,,,,,,
October,2002,Gilgit,,,,,,,,,,,,,,
November,2002,Gilgit,,,,,,,,,,,,,,
December,2002,Gilgit,,,,,,,,,,,,,,
Janruary,2003,Gilgit,,,,,,,,,,,,,,
February,2003,Gilgit,,,,,,,,,,,,,,
March,2003,Gilgit,,,,,,,,,,,,,,
April,2003,Gilgit,,,,,,,,,,,,,,
May,2003,Gilgit,Yes,,,,,,,,,,,,,
June,2003,Gilgit,,,,,,,,,,,,,,
July,2003,Gilgit,,,,,,,,,,,,,,
August,2003,Gilgit,,,,,,,,,,,,,,
September,2003,Gilgit,,,,,,,,,,,,,,
October,2003,Gilgit,,,,,,,,,,,,,,
November,2003,Gilgit,,,,,,,,,,,,,,
December,2003,Gilgit,,,,,,,,,,,,,,
Janruary,2004,Gilgit,,,,,,,,,,,,,,
February,2004,Gilgit,,,,,,,,,,,,,,
March,2004,Gilgit,,,,,,,,,,,,,,
April,2004,Gilgit,,,,,,,,,,,,,,
May,2004,Gilgit,,,,,,,,,,,,,,
June,2004,Gilgit,,,,,,,,,,,,,,
July,2004,Gilgit,,,,,,,,,,,,,,
August,2004,Gilgit,,,,,,,,,,,,,,
September,2004,Gilgit,,,,,,,,,,,,,,
October,2004,Gilgit,,,,,,,,,,,,,,
November,2004,Gilgit,,,,,,,,,,,,,,
December,2004,Gilgit,,,,,,,,,,,,,,
Janruary,2005,Gilgit,,,,,,,,,,,,,,
February,2005,Gilgit,,,,,,,,,,,,,,
March,2005,Gilgit,,,,,,,,,,,,,,
April,2005,Gilgit,,,,,,,,,,,,,,
May,2005,Gilgit,,,,,,,,,,,,,,
June,2005,Gilgit,,,,,,,,,,,,,,
July,2005,Gilgit,Yes,,,,,,,,,,,,,
August,2005,Gilgit,,,,,,,,,,,,,,
September,2005,Gilgit,,,,,,,,,,,,,,
October,2005,Gilgit,,,,,,,,,,,,,,
November,2005,Gilgit,,,,,,,,,,,,,,
December,2005,Gilgit,,,,,,,,,,,,,,
Janruary,2006,Gilgit,,,,,,,,,,,,,,
February,2006,Gilgit,,,,,,,,,,,,,,
March,2006,Gilgit,,,,,,,,,,,,,,
April,2006,Gilgit,,,,,,,,,,,,,,
May,2006,Gilgit,,,,,,,,,,,,,,
June,2006,Gilgit,,,,,,,,,,,,,,
July,2006,Gilgit,Yes,,,,,,,,,,,,,
August,2006,Gilgit,,,,,,,,,,,,,,
September,2006,Gilgit,,,,,,,,,,,,,,
October,2006,Gilgit,,,,,,,,,,,,,,
November,2006,Gilgit,,,,,,,,,,,,,,
December,2006,Gilgit,,,,,,,,,,,,,,
Janruary,2007,Gilgit,,,,,,,,,,,,,,
February,2007,Gilgit,,,,,,,,,,,,,,
March,2007,Gilgit,,,,,,,,,,,,,,
April,2007,Gilgit,,,,,,,,,,,,,,
May,2007,Gilgit,,,,,,,,,,,,,,
June,2007,Gilgit,,,,,,,,,,,,,,
July,2007,Gilgit,,,,,,,,,,,,,,
August,2007,Gilgit,,,,,,,,,,,,,,
September,2007,Gilgit,,,,,,,,,,,,,,
October,2007,Gilgit,,,,,,,,,,,,,,
November,2007,Gilgit,,,,,,,,,,,,,,
December,2007,Gilgit,,,,,,,,,,,,,,
Janruary,2008,Gilgit,,,,,,,,,,,,,,
February,2008,Gilgit,,,,,,,,,,,,,,
March,2008,Gilgit,,,,,,,,,,,,,,
April,2008,Gilgit,,,,,,,,,,,,,,
May,2008,Gilgit,Yes,,,,,,,,,,,,,
June,2008,Gilgit,,,,,,,,,,,,,,
July,2008,Gilgit,,,,,,,,,,,,,,
August,2008,Gilgit,,,,,,,,,,,,,,
September,2008,Gilgit,,,,,,,,,,,,,,
October,2008,Gilgit,,,,,,,,,,,,,,
November,2008,Gilgit,,,,,,,,,,,,,,
December,2008,Gilgit,,,,,,,,,,,,,,
Janruary,2009,Gilgit,,,,,,,,,,,,,,
February,2009,Gilgit,,,,,,,,,,,,,,
March,2009,Gilgit,,,,,,,,,,,,,,
April,2009,Gilgit,,,,,,,,,,,,,,
May,2009,Gilgit,,,,,,,,,,,,,,
June,2009,Gilgit,,,,,,,,,,,,,,
July,2009,Gilgit,,,,,,,,,,,,,,
August,2009,Gilgit,,,,,,,,,,,,,,
September,2009,Gilgit,,,,,,,,,,,,,,
October,2009,Gilgit,,,,,,,,,,,,,,
November,2009,Gilgit,,,,,,,,,,,,,,
December,2009,Gilgit,,,,,,,,,,,,,,
Janruary,2010,Gilgit,,,,,,,,,,,,,,
February,2010,Gilgit,,,,,,,,,,,,,,
March,2010,Gilgit,,,,,,,,,,,,,,
April,2010,Gilgit,,,,,,,,,,,,,,
May,2010,Gilgit,,,,,,,,,,,,,,
June,2010,Gilgit,,,,,,,,,,,,,,
July,2010,Gilgit,Yes,,,,,,,,,,,,,
August,2010,Gilgit,,,,,,,,,,,,,,
September,2010,Gilgit,,,,,,,,,,,,,,
October,2010,Gilgit,,,,,,,,,,,,,,
November,2010,Gilgit,,,,,,,,,,,,,,
December,2010,Gilgit,,,,,,,,,,,,,,
Janruary,2011,Gilgit,,,,,,,,,,,,,,
February,2011,Gilgit,,,,,,,,,,,,,,
March,2011,Gilgit,,,,,,,,,,,,,,
April,2011,Gilgit,,,,,,,,,,,,,,
May,2011,Gilgit,,,,,,,,,,,,,,
June,2011,Gilgit,,,,,,,,,,,,,,
July,2011,Gilgit,,,,,,,,,,,,,,
August,2011,Gilgit,,,,,,,,,,,,,,
September,2011,Gilgit,,,,,,,,,,,,,,
October,2011,Gilgit,,,,,,,,,,,,,,
November,2011,Gilgit,,,,,,,,,,,,,,
December,2011,Gilgit,,,,,,,,,,,,,,
Janruary,2012,Gilgit,,,,,,,,,,,,,,
February,2012,Gilgit,,,,,,,,,,,,,,
March,2012,Gilgit,,,,,,,,,,,,,,
April,2012,Gilgit,,,,,,,,,,,,,,
May,2012,Gilgit,,,,,,,,,,,,,,
June,2012,Gilgit,,,,,,,,,,,,,,
July,2012,Gilgit,,,,,,,,,,,,,,
August,2012,Gilgit,,,,,,,,,,,,,,
September,2012,Gilgit,,,,,,,,,,,,,,
October,2012,Gilgit,,,,,,,,,,,,,,
November,2012,Gilgit,,,,,,,,,,,,,,
December,2012,Gilgit,,,,,,,,,,,,,,
Janruary,2013,Gilgit,,,,,,,,,,,,,,
February,2013,Gilgit,,,,,,,,,,,,,,
March,2013,Gilgit,,,,,,,,,,,,,,
April,2013,Gilgit,,,,,,,,,,,,,,
May,2013,Gilgit,,,,,,,,,,,,,,
June,2013,Gilgit,,,,,,,,,,,,,,
July,2013,Gilgit,,,,,,,,,,,,,,
August,2013,Gilgit,,,,,,,,,,,,,,
September,2013,Gilgit,,,,,,,,,,,,,,
October,2013,Gilgit,,,,,,,,,,,,,,
November,2013,Gilgit,,,,,,,,,,,,,,
December,2013,Gilgit,,,,,,,,,,,,,,
Janruary,2014,Gilgit,,,,,,,,,,,,,,
February,2014,Gilgit,,,,,,,,,,,,,,
March,2014,Gilgit,,,,,,,,,,,,,,
April,2014,Gilgit,,,,,,,,,,,,,,
May,2014,Gilgit,,,,,,,,,,,,,,
June,2014,Gilgit,,,,,,,,,,,,,,
July,2014,Gilgit,,,,,,,,,,,,,,
August,2014,Gilgit,,,,,,,,,,,,,,
September,2014,Gilgit,Yes,,,,,,,,,,,,,
October,2014,Gilgit,,,,,,,,,,,,,,
November,2014,Gilgit,,,,,,,,,,,,,,
December,2014,Gilgit,,,,,,,,,,,,,,
Janruary,2015,Gilgit,,,,,,,,,,,,,,
February,2015,Gilgit,,,,,,,,,,,,,,
March,2015,Gilgit,,,,,,,,,,,,,,
April,2015,Gilgit,,,,,,,,,,,,,,
May,2015,Gilgit,,,,,,,,,,,,,,
June,2015,Gilgit,,,,,,,,,,,,,,
July,2015,Gilgit,,,,,,,,,,,,,,
August,2015,Gilgit,,,,,,,,,,,,,,
September,2015,Gilgit,,,,,,,,,,,,,,
October,2015,Gilgit,,,,,,,,,,,,,,
November,2015,Gilgit,,,,,,,,,,,,,,
December,2015,Gilgit,,,,,,,,,,,,,,
Janruary,2016,Gilgit,,,,,,,,,,,,,,
February,2016,Gilgit,,,,,,,,,,,,,,
March,2016,Gilgit,Yes,,,,,,,,,,,,,
April,2016,Gilgit,,,,,,,,,,,,,,
May,2016,Gilgit,,,,,,,,,,,,,,
June,2016,Gilgit,Yes,,,,,,,,,,,,,
July,2016,Gilgit,,,,,,,,,,,,,,
August,2016,Gilgit,,,,,,,,,,,,,,
September,2016,Gilgit,,,,,,,,,,,,,,
October,2016,Gilgit,,,,,,,,,,,,,,
November,2016,Gilgit,,,,,,,,,,,,,,
December,2016,Gilgit,,,,,,,,,,,,,,
Janruary,2017,Gilgit,,,,,,,,,,,,,,
February,2017,Gilgit,,,,,,,,,,,,,,
March,2017,Gilgit,,,,,,,,,,,,,,
April,2017,Gilgit,,,,,,,,,,,,,,
May,2017,Gilgit,,,,,,,,,,,,,,
June,2017,Gilgit,,,,,,,,,,,,,,
July,2017,Gilgit,,,,,,,,,,,,,,
August,2017,Gilgit,,,,,,,,,,,,,,
September,2017,Gilgit,Yes,,,,,,,,,,,,,
October,2017,Gilgit,,,,,,,,,,,,,,
November,2017,Gilgit,,,,,,,,,,,,,,
December,2017,Gilgit,,,,,,,,,,,,,,
Janruary,2018,Gilgit,,,,,,,,,,,,,,
February,2018,Gilgit,,,,,,,,,,,,,,
March,2018,Gilgit,,,,,,,,,,,,,,
April,2018,Gilgit,,,,,,,,,,,,,,
May,2018,Gilgit,,,,,,,,,,,,,,
June,2018,Gilgit,,,,,,,,,,,,,,
July,2018,Gilgit,,,,,,,,,,,,,,
August,2018,Gilgit,,,,,,,,,,,,,,
September,2018,Gilgit,,,,,,,,,,,,,,
October,2018,Gilgit,,,,,,,,,,,,,,
November,2018,Gilgit,,,,,,,,,,,,,,
December,2018,Gilgit,,,,,,,,,,,,,,
Janruary,2019,Gilgit,,,,,,,,,,,,,,
February,2019,Gilgit,,,,,,,,,,,,,,
March,2019,Gilgit,,,,,,,,,,,,,,
April,2019,Gilgit,,,,,,,,,,,,,,
May,2019,Gilgit,,,,,,,,,,,,,,
June,2019,Gilgit,,,,,,,,,,,,,,
July,2019,Gilgit,,,,,,,,,,,,,,
August,2019,Gilgit,,,,,,,,,,,,,,
September,2019,Gilgit,,,,,,,,,,,,,,
October,2019,Gilgit,,,,,,,,,,,,,,
November,2019,Gilgit,,,,,,,,,,,,,,
December,2019,Gilgit,,,,,,,,,,,,,,
Janruary,2020,Gilgit,,,,,,,,,,,,,,
February,2020,Gilgit,,,,,,,,,,,,,,
March,2020,Gilgit,,,,,,,,,,,,,,
April,2020,Gilgit,,,,,,,,,,,,,,
May,2020,Gilgit,,,,,,,,,,,,,,
June,2020,Gilgit,,,,,,,,,,,,,,
July,2020,Gilgit,,,,,,,,,,,,,,
August,2020,Gilgit,,,,,,,,,,,,,,
September,2020,Gilgit,,,,,,,,,,,,,,
October,2020,Gilgit,,,,,,,,,,,,,,
November,2020,Gilgit,,,,,,,,,,,,,,
December,2020,Gilgit,,,,,,,,,,,,,,
Janruary,2021,Gilgit,,,,,,,,,,,,,,
February,2021,Gilgit,,,,,,,,,,,,,,
March,2021,Gilgit,,,,,,,,,,,,,,
April,2021,Gilgit,,,,,,,,,,,,,,
May,2021,Gilgit,,,,,,,,,,,,,,
June,2021,Gilgit,,,,,,,,,,,,,,
July,2021,Gilgit,,,,,,,,,,,,,,
August,2021,Gilgit,,,,,,,,,,,,,,
September,2021,Gilgit,,,,,,,,,,,,,,
October,2021,Gilgit,,,,,,,,,,,,,,
November,2021,Gilgit,,,,,,,,,,,,,,
December,2021,Gilgit,,,,,,,,,,,,,,